--
-- PostgreSQL database dump
--

-- Dumped from database version 16.3
-- Dumped by pg_dump version 16.3

-- Started on 2024-09-16 22:44:41

SET statement_timeout = 0;
SET lock_timeout = 0;
SET idle_in_transaction_session_timeout = 0;
SET client_encoding = 'UTF8';
SET standard_conforming_strings = on;
SELECT pg_catalog.set_config('search_path', '', false);
SET check_function_bodies = false;
SET xmloption = content;
SET client_min_messages = warning;
SET row_security = off;

SET default_tablespace = '';

SET default_table_access_method = heap;

--
-- TOC entry 216 (class 1259 OID 41137)
-- Name: attestation; Type: TABLE; Schema: public; Owner: postgres
--

CREATE TABLE public.attestation (
    id_attestation integer NOT NULL,
    date date,
    id_enseignant integer NOT NULL,
    id_formation integer NOT NULL,
    lienpdf character varying(255) NOT NULL
);


ALTER TABLE public.attestation OWNER TO postgres;

--
-- TOC entry 215 (class 1259 OID 41136)
-- Name: attestation_id_attestation_seq; Type: SEQUENCE; Schema: public; Owner: postgres
--

ALTER TABLE public.attestation ALTER COLUMN id_attestation ADD GENERATED BY DEFAULT AS IDENTITY (
    SEQUENCE NAME public.attestation_id_attestation_seq
    START WITH 1
    INCREMENT BY 1
    NO MINVALUE
    NO MAXVALUE
    CACHE 1
);


--
-- TOC entry 218 (class 1259 OID 41143)
-- Name: besoin_formation; Type: TABLE; Schema: public; Owner: postgres
--

CREATE TABLE public.besoin_formation (
    id_besoin_formation integer NOT NULL,
    date_debut timestamp(6) without time zone,
    date_fin timestamp(6) without time zone,
    formation_id integer
);


ALTER TABLE public.besoin_formation OWNER TO postgres;

--
-- TOC entry 217 (class 1259 OID 41142)
-- Name: besoin_formation_id_besoin_formation_seq; Type: SEQUENCE; Schema: public; Owner: postgres
--

ALTER TABLE public.besoin_formation ALTER COLUMN id_besoin_formation ADD GENERATED BY DEFAULT AS IDENTITY (
    SEQUENCE NAME public.besoin_formation_id_besoin_formation_seq
    START WITH 1
    INCREMENT BY 1
    NO MINVALUE
    NO MAXVALUE
    CACHE 1
);


--
-- TOC entry 219 (class 1259 OID 41148)
-- Name: besoinformation_proprietecompetence; Type: TABLE; Schema: public; Owner: postgres
--

CREATE TABLE public.besoinformation_proprietecompetence (
    besoinformation_id integer NOT NULL,
    proprietecompetence_id integer NOT NULL
);


ALTER TABLE public.besoinformation_proprietecompetence OWNER TO postgres;

--
-- TOC entry 236 (class 1259 OID 49328)
-- Name: certificat; Type: TABLE; Schema: public; Owner: postgres
--

CREATE TABLE public.certificat (
    id_certificat integer NOT NULL,
    date_emission timestamp(6) without time zone,
    lienpdf character varying(255) NOT NULL,
    id_enseignant integer NOT NULL,
    id_formation integer NOT NULL
);


ALTER TABLE public.certificat OWNER TO postgres;

--
-- TOC entry 235 (class 1259 OID 49327)
-- Name: certificat_id_certificat_seq; Type: SEQUENCE; Schema: public; Owner: postgres
--

ALTER TABLE public.certificat ALTER COLUMN id_certificat ADD GENERATED BY DEFAULT AS IDENTITY (
    SEQUENCE NAME public.certificat_id_certificat_seq
    START WITH 1
    INCREMENT BY 1
    NO MINVALUE
    NO MAXVALUE
    CACHE 1
);


--
-- TOC entry 221 (class 1259 OID 41154)
-- Name: competence; Type: TABLE; Schema: public; Owner: postgres
--

CREATE TABLE public.competence (
    id_competence integer NOT NULL,
    domaine character varying(255),
    enseignant_id integer
);


ALTER TABLE public.competence OWNER TO postgres;

--
-- TOC entry 220 (class 1259 OID 41153)
-- Name: competence_id_competence_seq; Type: SEQUENCE; Schema: public; Owner: postgres
--

ALTER TABLE public.competence ALTER COLUMN id_competence ADD GENERATED BY DEFAULT AS IDENTITY (
    SEQUENCE NAME public.competence_id_competence_seq
    START WITH 1
    INCREMENT BY 1
    NO MINVALUE
    NO MAXVALUE
    CACHE 1
);


--
-- TOC entry 223 (class 1259 OID 41160)
-- Name: enseignant; Type: TABLE; Schema: public; Owner: postgres
--

CREATE TABLE public.enseignant (
    id_enseignant integer NOT NULL,
    email character varying(255),
    identifiant character varying(255),
    nom character varying(255),
    password character varying(255),
    prenom character varying(255),
    role character varying(255),
    departement character varying(255),
    CONSTRAINT enseignant_role_check CHECK (((role)::text = ANY ((ARRAY['FORMATEUR'::character varying, 'PARTICIPANT'::character varying, 'EQUIPE_DSI'::character varying])::text[])))
);


ALTER TABLE public.enseignant OWNER TO postgres;

--
-- TOC entry 224 (class 1259 OID 41168)
-- Name: enseignant_competence_list; Type: TABLE; Schema: public; Owner: postgres
--

CREATE TABLE public.enseignant_competence_list (
    enseignant_id_enseignant integer NOT NULL,
    competence_list_id_competence integer NOT NULL
);


ALTER TABLE public.enseignant_competence_list OWNER TO postgres;

--
-- TOC entry 222 (class 1259 OID 41159)
-- Name: enseignant_id_enseignant_seq; Type: SEQUENCE; Schema: public; Owner: postgres
--

ALTER TABLE public.enseignant ALTER COLUMN id_enseignant ADD GENERATED BY DEFAULT AS IDENTITY (
    SEQUENCE NAME public.enseignant_id_enseignant_seq
    START WITH 1
    INCREMENT BY 1
    NO MINVALUE
    NO MAXVALUE
    CACHE 1
);


--
-- TOC entry 226 (class 1259 OID 41172)
-- Name: evaluation_formation; Type: TABLE; Schema: public; Owner: postgres
--

CREATE TABLE public.evaluation_formation (
    id_evaluation_formation integer NOT NULL,
    aspect_organisationnel character varying(255),
    aspect_pedagogique character varying(255),
    aspect_technique character varying(255),
    date timestamp(6) without time zone,
    note character varying(255),
    enseignant_id integer,
    formation_id integer NOT NULL,
    CONSTRAINT evaluation_formation_aspect_organisationnel_check CHECK (((aspect_organisationnel)::text = ANY ((ARRAY['NON_SATISFAIT'::character varying, 'PEU_SATISFAIT'::character varying, 'SATISFAIT'::character varying, 'TRES_SATISFAIT'::character varying])::text[]))),
    CONSTRAINT evaluation_formation_aspect_pedagogique_check CHECK (((aspect_pedagogique)::text = ANY ((ARRAY['NON_SATISFAIT'::character varying, 'PEU_SATISFAIT'::character varying, 'SATISFAIT'::character varying, 'TRES_SATISFAIT'::character varying])::text[]))),
    CONSTRAINT evaluation_formation_aspect_technique_check CHECK (((aspect_technique)::text = ANY ((ARRAY['NON_SATISFAIT'::character varying, 'PEU_SATISFAIT'::character varying, 'SATISFAIT'::character varying, 'TRES_SATISFAIT'::character varying])::text[])))
);


ALTER TABLE public.evaluation_formation OWNER TO postgres;

--
-- TOC entry 225 (class 1259 OID 41171)
-- Name: evaluation_formation_id_evaluation_formation_seq; Type: SEQUENCE; Schema: public; Owner: postgres
--

ALTER TABLE public.evaluation_formation ALTER COLUMN id_evaluation_formation ADD GENERATED BY DEFAULT AS IDENTITY (
    SEQUENCE NAME public.evaluation_formation_id_evaluation_formation_seq
    START WITH 1
    INCREMENT BY 1
    NO MINVALUE
    NO MAXVALUE
    CACHE 1
);


--
-- TOC entry 228 (class 1259 OID 41183)
-- Name: evaluation_participant; Type: TABLE; Schema: public; Owner: postgres
--

CREATE TABLE public.evaluation_participant (
    id_evaluation_participant integer NOT NULL,
    date timestamp(6) without time zone,
    evaluation character varying(255),
    enseignant_id integer,
    formation_id integer
);


ALTER TABLE public.evaluation_participant OWNER TO postgres;

--
-- TOC entry 227 (class 1259 OID 41182)
-- Name: evaluation_participant_id_evaluation_participant_seq; Type: SEQUENCE; Schema: public; Owner: postgres
--

ALTER TABLE public.evaluation_participant ALTER COLUMN id_evaluation_participant ADD GENERATED BY DEFAULT AS IDENTITY (
    SEQUENCE NAME public.evaluation_participant_id_evaluation_participant_seq
    START WITH 1
    INCREMENT BY 1
    NO MINVALUE
    NO MAXVALUE
    CACHE 1
);


--
-- TOC entry 230 (class 1259 OID 41189)
-- Name: formation; Type: TABLE; Schema: public; Owner: postgres
--

CREATE TABLE public.formation (
    id_formation integer NOT NULL,
    date timestamp(6) without time zone,
    description character varying(255),
    titre character varying(255),
    formateur character varying(255),
    objectifs character varying(255),
    public_cible character varying(255),
    nb_heures character varying(255)
);


ALTER TABLE public.formation OWNER TO postgres;

--
-- TOC entry 231 (class 1259 OID 41196)
-- Name: formation_competence; Type: TABLE; Schema: public; Owner: postgres
--

CREATE TABLE public.formation_competence (
    formation_id integer NOT NULL,
    competence_id integer NOT NULL
);


ALTER TABLE public.formation_competence OWNER TO postgres;

--
-- TOC entry 232 (class 1259 OID 41201)
-- Name: formation_enseignant; Type: TABLE; Schema: public; Owner: postgres
--

CREATE TABLE public.formation_enseignant (
    formation_id integer NOT NULL,
    enseignant_id integer NOT NULL
);


ALTER TABLE public.formation_enseignant OWNER TO postgres;

--
-- TOC entry 229 (class 1259 OID 41188)
-- Name: formation_id_formation_seq; Type: SEQUENCE; Schema: public; Owner: postgres
--

ALTER TABLE public.formation ALTER COLUMN id_formation ADD GENERATED BY DEFAULT AS IDENTITY (
    SEQUENCE NAME public.formation_id_formation_seq
    START WITH 1
    INCREMENT BY 1
    NO MINVALUE
    NO MAXVALUE
    CACHE 1
);


--
-- TOC entry 234 (class 1259 OID 41207)
-- Name: propriete_competence; Type: TABLE; Schema: public; Owner: postgres
--

CREATE TABLE public.propriete_competence (
    id_prop_comp integer NOT NULL
);


ALTER TABLE public.propriete_competence OWNER TO postgres;

--
-- TOC entry 233 (class 1259 OID 41206)
-- Name: propriete_competence_id_prop_comp_seq; Type: SEQUENCE; Schema: public; Owner: postgres
--

ALTER TABLE public.propriete_competence ALTER COLUMN id_prop_comp ADD GENERATED BY DEFAULT AS IDENTITY (
    SEQUENCE NAME public.propriete_competence_id_prop_comp_seq
    START WITH 1
    INCREMENT BY 1
    NO MINVALUE
    NO MAXVALUE
    CACHE 1
);


--
-- TOC entry 4936 (class 0 OID 41137)
-- Dependencies: 216
-- Data for Name: attestation; Type: TABLE DATA; Schema: public; Owner: postgres
--

COPY public.attestation (id_attestation, date, id_enseignant, id_formation, lienpdf) FROM stdin;
\.


--
-- TOC entry 4938 (class 0 OID 41143)
-- Dependencies: 218
-- Data for Name: besoin_formation; Type: TABLE DATA; Schema: public; Owner: postgres
--

COPY public.besoin_formation (id_besoin_formation, date_debut, date_fin, formation_id) FROM stdin;
\.


--
-- TOC entry 4939 (class 0 OID 41148)
-- Dependencies: 219
-- Data for Name: besoinformation_proprietecompetence; Type: TABLE DATA; Schema: public; Owner: postgres
--

COPY public.besoinformation_proprietecompetence (besoinformation_id, proprietecompetence_id) FROM stdin;
\.


--
-- TOC entry 4956 (class 0 OID 49328)
-- Dependencies: 236
-- Data for Name: certificat; Type: TABLE DATA; Schema: public; Owner: postgres
--

COPY public.certificat (id_certificat, date_emission, lienpdf, id_enseignant, id_formation) FROM stdin;
\.


--
-- TOC entry 4941 (class 0 OID 41154)
-- Dependencies: 221
-- Data for Name: competence; Type: TABLE DATA; Schema: public; Owner: postgres
--

COPY public.competence (id_competence, domaine, enseignant_id) FROM stdin;
\.


--
-- TOC entry 4943 (class 0 OID 41160)
-- Dependencies: 223
-- Data for Name: enseignant; Type: TABLE DATA; Schema: public; Owner: postgres
--

COPY public.enseignant (id_enseignant, email, identifiant, nom, password, prenom, role, departement) FROM stdin;
1	jean.dupont@example.com	jdupont	Dupont	$2a$10$w2B0jcIGtQALAH/v.iCgWuvc7bHm/WGxUwgBQ6unACmZ5NR9zE4cC	Jean	FORMATEUR	\N
2	oumaima.najar@esprit.tn	myidentify	Najar	$2a$10$KtxaXrcr4JyiCVck5HhyIu5ClypdgtHh6tQS91lkgQZelM2U7G2xK	Oumaima	PARTICIPANT	info
3	oumaima.najar@esprit.tn	mymymy	najar	$2a$10$vpkb1mYwvK3S.LX0K1.xa.lbut1FhFo6eIt4frS7GDp5LAHqxjBKq	oumaa	PARTICIPANT	info
\.


--
-- TOC entry 4944 (class 0 OID 41168)
-- Dependencies: 224
-- Data for Name: enseignant_competence_list; Type: TABLE DATA; Schema: public; Owner: postgres
--

COPY public.enseignant_competence_list (enseignant_id_enseignant, competence_list_id_competence) FROM stdin;
\.


--
-- TOC entry 4946 (class 0 OID 41172)
-- Dependencies: 226
-- Data for Name: evaluation_formation; Type: TABLE DATA; Schema: public; Owner: postgres
--

COPY public.evaluation_formation (id_evaluation_formation, aspect_organisationnel, aspect_pedagogique, aspect_technique, date, note, enseignant_id, formation_id) FROM stdin;
1	\N	\N	\N	2024-08-07 22:11:30.362	evaluation	2	1
3	\N	\N	\N	2024-08-08 12:25:31.24	evaluation	2	1
4	NON_SATISFAIT	NON_SATISFAIT	NON_SATISFAIT	2024-08-08 12:37:30.824	dad	2	1
6	PEU_SATISFAIT	SATISFAIT	TRES_SATISFAIT	2024-08-09 17:12:01.457	ddd	2	1
7	SATISFAIT	SATISFAIT	SATISFAIT	2024-08-20 21:35:21.217	kkkk	3	7
8	PEU_SATISFAIT	SATISFAIT	TRES_SATISFAIT	2024-09-06 09:49:57.071	mon evaluation 	2	1
\.


--
-- TOC entry 4948 (class 0 OID 41183)
-- Dependencies: 228
-- Data for Name: evaluation_participant; Type: TABLE DATA; Schema: public; Owner: postgres
--

COPY public.evaluation_participant (id_evaluation_participant, date, evaluation, enseignant_id, formation_id) FROM stdin;
1	\N	18	1	1
2	\N	17	2	1
4	\N	13	2	1
3	\N	14	1	1
5	\N	19	2	1
6	\N	18	3	7
7	\N	19	3	7
8	\N	14	3	7
9	\N	17	3	7
10	\N	17	3	7
11	\N	25	3	7
12	\N	17	2	4
13	\N	25	3	4
15	\N	17	2	4
14	\N	25	3	4
16	\N	20	2	4
\.


--
-- TOC entry 4950 (class 0 OID 41189)
-- Dependencies: 230
-- Data for Name: formation; Type: TABLE DATA; Schema: public; Owner: postgres
--

COPY public.formation (id_formation, date, description, titre, formateur, objectifs, public_cible, nb_heures) FROM stdin;
1	2024-08-06 01:00:00	Formation en Developpement	Developpement	\N	\N	\N	\N
2	2024-08-06 01:00:00	Formation en Developpement	Developpement	oumaima	\N	\N	\N
4	2024-08-20 01:00:00	Formation en Developpement	Marketing	oumaaa	\N	public	\N
5	2024-08-20 01:00:00	Formation en Developpement	Marketing	oumaaa	\N	public	12
6	2024-08-20 01:00:00	Formation en Developpement	Marketing	oumaaa	\N	public	12
7	2024-08-20 01:00:00	Formation en Developpement	Marketing	oumaaa	objectifs	public	12
\.


--
-- TOC entry 4951 (class 0 OID 41196)
-- Dependencies: 231
-- Data for Name: formation_competence; Type: TABLE DATA; Schema: public; Owner: postgres
--

COPY public.formation_competence (formation_id, competence_id) FROM stdin;
\.


--
-- TOC entry 4952 (class 0 OID 41201)
-- Dependencies: 232
-- Data for Name: formation_enseignant; Type: TABLE DATA; Schema: public; Owner: postgres
--

COPY public.formation_enseignant (formation_id, enseignant_id) FROM stdin;
4	2
7	3
\.


--
-- TOC entry 4954 (class 0 OID 41207)
-- Dependencies: 234
-- Data for Name: propriete_competence; Type: TABLE DATA; Schema: public; Owner: postgres
--

COPY public.propriete_competence (id_prop_comp) FROM stdin;
\.


--
-- TOC entry 4962 (class 0 OID 0)
-- Dependencies: 215
-- Name: attestation_id_attestation_seq; Type: SEQUENCE SET; Schema: public; Owner: postgres
--

SELECT pg_catalog.setval('public.attestation_id_attestation_seq', 1, false);


--
-- TOC entry 4963 (class 0 OID 0)
-- Dependencies: 217
-- Name: besoin_formation_id_besoin_formation_seq; Type: SEQUENCE SET; Schema: public; Owner: postgres
--

SELECT pg_catalog.setval('public.besoin_formation_id_besoin_formation_seq', 1, false);


--
-- TOC entry 4964 (class 0 OID 0)
-- Dependencies: 235
-- Name: certificat_id_certificat_seq; Type: SEQUENCE SET; Schema: public; Owner: postgres
--

SELECT pg_catalog.setval('public.certificat_id_certificat_seq', 1, false);


--
-- TOC entry 4965 (class 0 OID 0)
-- Dependencies: 220
-- Name: competence_id_competence_seq; Type: SEQUENCE SET; Schema: public; Owner: postgres
--

SELECT pg_catalog.setval('public.competence_id_competence_seq', 1, false);


--
-- TOC entry 4966 (class 0 OID 0)
-- Dependencies: 222
-- Name: enseignant_id_enseignant_seq; Type: SEQUENCE SET; Schema: public; Owner: postgres
--

SELECT pg_catalog.setval('public.enseignant_id_enseignant_seq', 3, true);


--
-- TOC entry 4967 (class 0 OID 0)
-- Dependencies: 225
-- Name: evaluation_formation_id_evaluation_formation_seq; Type: SEQUENCE SET; Schema: public; Owner: postgres
--

SELECT pg_catalog.setval('public.evaluation_formation_id_evaluation_formation_seq', 8, true);


--
-- TOC entry 4968 (class 0 OID 0)
-- Dependencies: 227
-- Name: evaluation_participant_id_evaluation_participant_seq; Type: SEQUENCE SET; Schema: public; Owner: postgres
--

SELECT pg_catalog.setval('public.evaluation_participant_id_evaluation_participant_seq', 16, true);


--
-- TOC entry 4969 (class 0 OID 0)
-- Dependencies: 229
-- Name: formation_id_formation_seq; Type: SEQUENCE SET; Schema: public; Owner: postgres
--

SELECT pg_catalog.setval('public.formation_id_formation_seq', 7, true);


--
-- TOC entry 4970 (class 0 OID 0)
-- Dependencies: 233
-- Name: propriete_competence_id_prop_comp_seq; Type: SEQUENCE SET; Schema: public; Owner: postgres
--

SELECT pg_catalog.setval('public.propriete_competence_id_prop_comp_seq', 1, false);


--
-- TOC entry 4749 (class 2606 OID 41141)
-- Name: attestation attestation_pkey; Type: CONSTRAINT; Schema: public; Owner: postgres
--

ALTER TABLE ONLY public.attestation
    ADD CONSTRAINT attestation_pkey PRIMARY KEY (id_attestation);


--
-- TOC entry 4751 (class 2606 OID 41147)
-- Name: besoin_formation besoin_formation_pkey; Type: CONSTRAINT; Schema: public; Owner: postgres
--

ALTER TABLE ONLY public.besoin_formation
    ADD CONSTRAINT besoin_formation_pkey PRIMARY KEY (id_besoin_formation);


--
-- TOC entry 4753 (class 2606 OID 41152)
-- Name: besoinformation_proprietecompetence besoinformation_proprietecompetence_pkey; Type: CONSTRAINT; Schema: public; Owner: postgres
--

ALTER TABLE ONLY public.besoinformation_proprietecompetence
    ADD CONSTRAINT besoinformation_proprietecompetence_pkey PRIMARY KEY (besoinformation_id, proprietecompetence_id);


--
-- TOC entry 4773 (class 2606 OID 49332)
-- Name: certificat certificat_pkey; Type: CONSTRAINT; Schema: public; Owner: postgres
--

ALTER TABLE ONLY public.certificat
    ADD CONSTRAINT certificat_pkey PRIMARY KEY (id_certificat);


--
-- TOC entry 4755 (class 2606 OID 41158)
-- Name: competence competence_pkey; Type: CONSTRAINT; Schema: public; Owner: postgres
--

ALTER TABLE ONLY public.competence
    ADD CONSTRAINT competence_pkey PRIMARY KEY (id_competence);


--
-- TOC entry 4757 (class 2606 OID 41167)
-- Name: enseignant enseignant_pkey; Type: CONSTRAINT; Schema: public; Owner: postgres
--

ALTER TABLE ONLY public.enseignant
    ADD CONSTRAINT enseignant_pkey PRIMARY KEY (id_enseignant);


--
-- TOC entry 4761 (class 2606 OID 41181)
-- Name: evaluation_formation evaluation_formation_pkey; Type: CONSTRAINT; Schema: public; Owner: postgres
--

ALTER TABLE ONLY public.evaluation_formation
    ADD CONSTRAINT evaluation_formation_pkey PRIMARY KEY (id_evaluation_formation);


--
-- TOC entry 4763 (class 2606 OID 41187)
-- Name: evaluation_participant evaluation_participant_pkey; Type: CONSTRAINT; Schema: public; Owner: postgres
--

ALTER TABLE ONLY public.evaluation_participant
    ADD CONSTRAINT evaluation_participant_pkey PRIMARY KEY (id_evaluation_participant);


--
-- TOC entry 4767 (class 2606 OID 41200)
-- Name: formation_competence formation_competence_pkey; Type: CONSTRAINT; Schema: public; Owner: postgres
--

ALTER TABLE ONLY public.formation_competence
    ADD CONSTRAINT formation_competence_pkey PRIMARY KEY (formation_id, competence_id);


--
-- TOC entry 4769 (class 2606 OID 41205)
-- Name: formation_enseignant formation_enseignant_pkey; Type: CONSTRAINT; Schema: public; Owner: postgres
--

ALTER TABLE ONLY public.formation_enseignant
    ADD CONSTRAINT formation_enseignant_pkey PRIMARY KEY (formation_id, enseignant_id);


--
-- TOC entry 4765 (class 2606 OID 41195)
-- Name: formation formation_pkey; Type: CONSTRAINT; Schema: public; Owner: postgres
--

ALTER TABLE ONLY public.formation
    ADD CONSTRAINT formation_pkey PRIMARY KEY (id_formation);


--
-- TOC entry 4771 (class 2606 OID 41211)
-- Name: propriete_competence propriete_competence_pkey; Type: CONSTRAINT; Schema: public; Owner: postgres
--

ALTER TABLE ONLY public.propriete_competence
    ADD CONSTRAINT propriete_competence_pkey PRIMARY KEY (id_prop_comp);


--
-- TOC entry 4759 (class 2606 OID 41213)
-- Name: enseignant_competence_list uk2htgdicor0laapehjm0lanjid; Type: CONSTRAINT; Schema: public; Owner: postgres
--

ALTER TABLE ONLY public.enseignant_competence_list
    ADD CONSTRAINT uk2htgdicor0laapehjm0lanjid UNIQUE (competence_list_id_competence);


--
-- TOC entry 4780 (class 2606 OID 41249)
-- Name: enseignant_competence_list fk2p44ufxpbnjvoqmwpkrft6cgv; Type: FK CONSTRAINT; Schema: public; Owner: postgres
--

ALTER TABLE ONLY public.enseignant_competence_list
    ADD CONSTRAINT fk2p44ufxpbnjvoqmwpkrft6cgv FOREIGN KEY (enseignant_id_enseignant) REFERENCES public.enseignant(id_enseignant);


--
-- TOC entry 4784 (class 2606 OID 41264)
-- Name: evaluation_participant fk2s9a0a3unn38ik3jxl0avduxf; Type: FK CONSTRAINT; Schema: public; Owner: postgres
--

ALTER TABLE ONLY public.evaluation_participant
    ADD CONSTRAINT fk2s9a0a3unn38ik3jxl0avduxf FOREIGN KEY (enseignant_id) REFERENCES public.enseignant(id_enseignant);


--
-- TOC entry 4785 (class 2606 OID 41269)
-- Name: evaluation_participant fk403tgg42gr18eh5co364ckmlw; Type: FK CONSTRAINT; Schema: public; Owner: postgres
--

ALTER TABLE ONLY public.evaluation_participant
    ADD CONSTRAINT fk403tgg42gr18eh5co364ckmlw FOREIGN KEY (formation_id) REFERENCES public.formation(id_formation);


--
-- TOC entry 4777 (class 2606 OID 41234)
-- Name: besoinformation_proprietecompetence fk4d0hlayogtplwaeq3qr3wo8hg; Type: FK CONSTRAINT; Schema: public; Owner: postgres
--

ALTER TABLE ONLY public.besoinformation_proprietecompetence
    ADD CONSTRAINT fk4d0hlayogtplwaeq3qr3wo8hg FOREIGN KEY (besoinformation_id) REFERENCES public.besoin_formation(id_besoin_formation);


--
-- TOC entry 4778 (class 2606 OID 41229)
-- Name: besoinformation_proprietecompetence fk55ca4g4f7f969hd923g5w6f4s; Type: FK CONSTRAINT; Schema: public; Owner: postgres
--

ALTER TABLE ONLY public.besoinformation_proprietecompetence
    ADD CONSTRAINT fk55ca4g4f7f969hd923g5w6f4s FOREIGN KEY (proprietecompetence_id) REFERENCES public.propriete_competence(id_prop_comp);


--
-- TOC entry 4782 (class 2606 OID 41254)
-- Name: evaluation_formation fk8yslqyvl0ybyf1ocvaihbhmp1; Type: FK CONSTRAINT; Schema: public; Owner: postgres
--

ALTER TABLE ONLY public.evaluation_formation
    ADD CONSTRAINT fk8yslqyvl0ybyf1ocvaihbhmp1 FOREIGN KEY (enseignant_id) REFERENCES public.enseignant(id_enseignant);


--
-- TOC entry 4779 (class 2606 OID 41239)
-- Name: competence fkbwcfpprm5qkpggod36is2d8op; Type: FK CONSTRAINT; Schema: public; Owner: postgres
--

ALTER TABLE ONLY public.competence
    ADD CONSTRAINT fkbwcfpprm5qkpggod36is2d8op FOREIGN KEY (enseignant_id) REFERENCES public.enseignant(id_enseignant);


--
-- TOC entry 4781 (class 2606 OID 41244)
-- Name: enseignant_competence_list fkd5ip1b162vnysygbb39y5om9t; Type: FK CONSTRAINT; Schema: public; Owner: postgres
--

ALTER TABLE ONLY public.enseignant_competence_list
    ADD CONSTRAINT fkd5ip1b162vnysygbb39y5om9t FOREIGN KEY (competence_list_id_competence) REFERENCES public.competence(id_competence);


--
-- TOC entry 4790 (class 2606 OID 49338)
-- Name: certificat fked1ucoxfes91qllk42r7odch4; Type: FK CONSTRAINT; Schema: public; Owner: postgres
--

ALTER TABLE ONLY public.certificat
    ADD CONSTRAINT fked1ucoxfes91qllk42r7odch4 FOREIGN KEY (id_formation) REFERENCES public.formation(id_formation);


--
-- TOC entry 4774 (class 2606 OID 41219)
-- Name: attestation fkff2tkqo0nxdme2bqg95y5nyxn; Type: FK CONSTRAINT; Schema: public; Owner: postgres
--

ALTER TABLE ONLY public.attestation
    ADD CONSTRAINT fkff2tkqo0nxdme2bqg95y5nyxn FOREIGN KEY (id_formation) REFERENCES public.formation(id_formation);


--
-- TOC entry 4788 (class 2606 OID 41289)
-- Name: formation_enseignant fkg3slfiegrs3uv2tu295vuidpp; Type: FK CONSTRAINT; Schema: public; Owner: postgres
--

ALTER TABLE ONLY public.formation_enseignant
    ADD CONSTRAINT fkg3slfiegrs3uv2tu295vuidpp FOREIGN KEY (formation_id) REFERENCES public.formation(id_formation);


--
-- TOC entry 4791 (class 2606 OID 49333)
-- Name: certificat fkj2rwk06xti33m5530rcwmnq5f; Type: FK CONSTRAINT; Schema: public; Owner: postgres
--

ALTER TABLE ONLY public.certificat
    ADD CONSTRAINT fkj2rwk06xti33m5530rcwmnq5f FOREIGN KEY (id_enseignant) REFERENCES public.enseignant(id_enseignant);


--
-- TOC entry 4786 (class 2606 OID 41274)
-- Name: formation_competence fkj54ign4in565skg17jvif4gf8; Type: FK CONSTRAINT; Schema: public; Owner: postgres
--

ALTER TABLE ONLY public.formation_competence
    ADD CONSTRAINT fkj54ign4in565skg17jvif4gf8 FOREIGN KEY (competence_id) REFERENCES public.competence(id_competence);


--
-- TOC entry 4783 (class 2606 OID 41259)
-- Name: evaluation_formation fkl8k4sfvm5mbalhe1ip2yl99t4; Type: FK CONSTRAINT; Schema: public; Owner: postgres
--

ALTER TABLE ONLY public.evaluation_formation
    ADD CONSTRAINT fkl8k4sfvm5mbalhe1ip2yl99t4 FOREIGN KEY (formation_id) REFERENCES public.formation(id_formation);


--
-- TOC entry 4787 (class 2606 OID 41279)
-- Name: formation_competence fklsuvhjsrruykhjdpbcvrwliab; Type: FK CONSTRAINT; Schema: public; Owner: postgres
--

ALTER TABLE ONLY public.formation_competence
    ADD CONSTRAINT fklsuvhjsrruykhjdpbcvrwliab FOREIGN KEY (formation_id) REFERENCES public.formation(id_formation);


--
-- TOC entry 4775 (class 2606 OID 41214)
-- Name: attestation fkmhu110wxv569pe7esqfrumh3c; Type: FK CONSTRAINT; Schema: public; Owner: postgres
--

ALTER TABLE ONLY public.attestation
    ADD CONSTRAINT fkmhu110wxv569pe7esqfrumh3c FOREIGN KEY (id_enseignant) REFERENCES public.enseignant(id_enseignant);


--
-- TOC entry 4776 (class 2606 OID 41224)
-- Name: besoin_formation fknk3gtj3qubclq3nhhaw4pwwc9; Type: FK CONSTRAINT; Schema: public; Owner: postgres
--

ALTER TABLE ONLY public.besoin_formation
    ADD CONSTRAINT fknk3gtj3qubclq3nhhaw4pwwc9 FOREIGN KEY (formation_id) REFERENCES public.formation(id_formation);


--
-- TOC entry 4789 (class 2606 OID 41284)
-- Name: formation_enseignant fkqll4cerq29wpv33n6gklwwfd2; Type: FK CONSTRAINT; Schema: public; Owner: postgres
--

ALTER TABLE ONLY public.formation_enseignant
    ADD CONSTRAINT fkqll4cerq29wpv33n6gklwwfd2 FOREIGN KEY (enseignant_id) REFERENCES public.enseignant(id_enseignant);


-- Completed on 2024-09-16 22:44:41

--
-- PostgreSQL database dump complete
--

